,means,stds,Initial_Entropy,iteration
0,0.22515151515151516,0.2645936989574909,23.472575359344617,0
1,0.23969696969696971,0.2561957685228214,23.238835152540638,1
