,means,stds,Initial_Entropy,iteration
0,0.23333333333333334,0.2566528921923676,15.23695787024176,0
1,0.2312121212121212,0.2574791262590752,19.06756801507619,1
