,means,stds,iteration
0,0.3114157939030394,0.20919625728428326,0
1,0.09888794840969563,0.07715673676926073,1
2,0.1524576704841466,0.1003036883968577,2
